{
  "wapiti": {
    "status": "skipped",
    "reason": "Command not provided"
  },
  "nikto": {
    "status": "skipped",
    "reason": "Command not provided"
  },
  "wafw00f": {
    "status": "skipped",
    "reason": "Command not provided"
  },
  "whatweb": {
    "status": "skipped",
    "reason": "Command not provided"
  },
  "nuclei": {
    "status": "nuclei scan command ran (code 0), but expected output file missing.",
    "output_stdout": "http://testphp.vulnweb.com/ | hakrawler -d 40 | grep = | nuclei -je -o scan_results/nuclei_scan.json -t ~/nuclei-templates/dast/vulnerabilities/ -dast -headless -s critical,high,medium"
  }
}