{"template":"http/technologies/nginx/nginx-version.yaml","template-url":"https://cloud.projectdiscovery.io/public/nginx-version","template-id":"nginx-version","template-path":"/home/tool_backend/nuclei-templates/http/technologies/nginx/nginx-version.yaml","info":{"name":"Nginx version detect","author":["philippedelteil","daffainfo"],"tags":["tech","nginx"],"description":"Some nginx servers have the version on the response header. Useful when you need to find specific CVEs on your targets.","severity":"info","metadata":{"max-request":1}},"type":"http","host":"testphp.vulnweb.com","port":"80","scheme":"http","url":"http://testphp.vulnweb.com/","path":"/","matched-at":"http://testphp.vulnweb.com/","extracted-results":["nginx/1.19.0"],"request":"GET / HTTP/1.1\r\nHost: testphp.vulnweb.com\r\nUser-Agent: Mozilla/5.0 (Fedora; Linux i686; rv:128.0) Gecko/20100101 Firefox/128.0\r\nConnection: close\r\nAccept: */*\r\nAccept-Language: en\r\nAccept-Encoding: gzip\r\n\r\n","response":"HTTP/1.1 200 OK\r\nConnection: close\r\nTransfer-Encoding: chunked\r\nContent-Type: text/html; charset=UTF-8\r\nDate: Tue, 08 Apr 2025 11:15:19 GMT\r\nServer: nginx/1.19.0\r\nX-Powered-By: PHP/5.6.40-38+ubuntu20.04.1+deb.sury.org+1\r\n\r\n\u003c!DOCTYPE HTML PUBLIC \"-//W3C//DTD HTML 4.01 Transitional//EN\"\n\"http://www.w3.org/TR/html4/loose.dtd\"\u003e\n\u003chtml\u003e\u003c!-- InstanceBegin template=\"/Templates/main_dynamic_template.dwt.php\" codeOutsideHTMLIsLocked=\"false\" --\u003e\n\u003chead\u003e\n\u003cmeta http-equiv=\"Content-Type\" content=\"text/html; charset=iso-8859-2\"\u003e\n\n\u003c!-- InstanceBeginEditable name=\"document_title_rgn\" --\u003e\n\u003ctitle\u003eHome of Acunetix Art\u003c/title\u003e\n\u003c!-- InstanceEndEditable --\u003e\n\u003clink rel=\"stylesheet\" href=\"style.css\" type=\"text/css\"\u003e\n\u003c!-- InstanceBeginEditable name=\"headers_rgn\" --\u003e\n\u003c!-- here goes headers headers --\u003e\n\u003c!-- InstanceEndEditable --\u003e\n\u003cscript language=\"JavaScript\" type=\"text/JavaScript\"\u003e\n\u003c!--\nfunction MM_reloadPage(init) {  //reloads the window if Nav4 resized\n  if (init==true) with (navigator) {if ((appName==\"Netscape\")\u0026\u0026(parseInt(appVersion)==4)) {\n    document.MM_pgW=innerWidth; document.MM_pgH=innerHeight; onresize=MM_reloadPage; }}\n  else if (innerWidth!=document.MM_pgW || innerHeight!=document.MM_pgH) location.reload();\n}\nMM_reloadPage(true);\n//--\u003e\n\u003c/script\u003e\n\n\u003c/head\u003e\n\u003cbody\u003e \n\u003cdiv id=\"mainLayer\" style=\"position:absolute; width:700px; z-index:1\"\u003e\n\u003cdiv id=\"masthead\"\u003e \n  \u003ch1 id=\"siteName\"\u003e\u003ca href=\"https://www.acunetix.com/\"\u003e\u003cimg src=\"images/logo.gif\" width=\"306\" height=\"38\" border=\"0\" alt=\"Acunetix website security\"\u003e\u003c/a\u003e\u003c/h1\u003e   \n  \u003ch6 id=\"siteInfo\"\u003eTEST and Demonstration site for \u003ca href=\"https://www.acunetix.com/vulnerability-scanner/\"\u003eAcunetix Web Vulnerability Scanner\u003c/a\u003e\u003c/h6\u003e\n  \u003cdiv id=\"globalNav\"\u003e \n      \t\u003ctable border=\"0\" cellpadding=\"0\" cellspacing=\"0\" width=\"100%\"\u003e\u003ctr\u003e\n\t\u003ctd align=\"left\"\u003e\n\t\t\u003ca href=\"index.php\"\u003ehome\u003c/a\u003e | \u003ca href=\"categories.php\"\u003ecategories\u003c/a\u003e | \u003ca href=\"artists.php\"\u003eartists\n\t\t\u003c/a\u003e | \u003ca href=\"disclaimer.php\"\u003edisclaimer\u003c/a\u003e | \u003ca href=\"cart.php\"\u003eyour cart\u003c/a\u003e | \n\t\t\u003ca href=\"guestbook.php\"\u003eguestbook\u003c/a\u003e | \n\t\t\u003ca href=\"AJAX/index.php\"\u003eAJAX Demo\u003c/a\u003e\n\t\u003c/td\u003e\n\t\u003ctd align=\"right\"\u003e\n\t\t\u003c/td\u003e\n\t\u003c/tr\u003e\u003c/table\u003e\n  \u003c/div\u003e \n\u003c/div\u003e \n\u003c!-- end masthead --\u003e \n\n\u003c!-- begin content --\u003e\n\u003c!-- InstanceBeginEditable name=\"content_rgn\" --\u003e\n\u003cdiv id=\"content\"\u003e\n\t\u003ch2 id=\"pageName\"\u003ewelcome to our page\u003c/h2\u003e\n\t  \u003cdiv class=\"story\"\u003e\n\t\t\u003ch3\u003eTest site for Acunetix WVS.\u003c/h3\u003e\n\t  \u003c/div\u003e\n\u003c/div\u003e\n\u003c!-- InstanceEndEditable --\u003e\n\u003c!--end content --\u003e\n\n\u003cdiv id=\"navBar\"\u003e \n  \u003cdiv id=\"search\"\u003e \n    \u003cform action=\"search.php?test=query\" method=\"post\"\u003e \n      \u003clabel\u003esearch art\u003c/label\u003e \n      \u003cinput name=\"searchFor\" type=\"text\" size=\"10\"\u003e \n      \u003cinput name=\"goButton\" type=\"submit\" value=\"go\"\u003e \n    \u003c/form\u003e \n  \u003c/div\u003e \n  \u003cdiv id=\"sectionLinks\"\u003e \n    \u003cul\u003e \n      \u003cli\u003e\u003ca href=\"categories.php\"\u003eBrowse categories\u003c/a\u003e\u003c/li\u003e \n      \u003cli\u003e\u003ca href=\"artists.php\"\u003eBrowse artists\u003c/a\u003e\u003c/li\u003e \n      \u003cli\u003e\u003ca href=\"cart.php\"\u003eYour cart\u003c/a\u003e\u003c/li\u003e \n      \u003cli\u003e\u003ca href=\"login.php\"\u003eSignup\u003c/a\u003e\u003c/li\u003e\n\t  \u003cli\u003e\u003ca href=\"userinfo.php\"\u003eYour profile\u003c/a\u003e\u003c/li\u003e\n\t  \u003cli\u003e\u003ca href=\"guestbook.php\"\u003eOur guestbook\u003c/a\u003e\u003c/li\u003e\n\t\t\u003cli\u003e\u003ca href=\"AJAX/index.php\"\u003eAJAX Demo\u003c/a\u003e\u003c/li\u003e\n\t  \u003c/li\u003e \n    \u003c/ul\u003e \n  \u003c/div\u003e \n  \u003cdiv class=\"relatedLinks\"\u003e \n    \u003ch3\u003eLinks\u003c/h3\u003e \n    \u003cul\u003e \n      \u003cli\u003e\u003ca href=\"http://www.acunetix.com\"\u003eSecurity art\u003c/a\u003e\u003c/li\u003e \n\t  \u003cli\u003e\u003ca href=\"https://www.acunetix.com/vulnerability-scanner/php-security-scanner/\"\u003ePHP scanner\u003c/a\u003e\u003c/li\u003e\n\t  \u003cli\u003e\u003ca href=\"https://www.acunetix.com/blog/articles/prevent-sql-injection-vulnerabilities-in-php-applications/\"\u003ePHP vuln help\u003c/a\u003e\u003c/li\u003e\n\t  \u003cli\u003e\u003ca href=\"http://www.eclectasy.com/Fractal-Explorer/index.html\"\u003eFractal Explorer\u003c/a\u003e\u003c/li\u003e \n    \u003c/ul\u003e \n  \u003c/div\u003e \n  \u003cdiv id=\"advert\"\u003e \n    \u003cp\u003e\n      \u003cobject classid=\"clsid:D27CDB6E-AE6D-11cf-96B8-444553540000\" codebase=\"http://download.macromedia.com/pub/shockwave/cabs/flash/swflash.cab#version=6,0,29,0\" width=\"107\" height=\"66\"\u003e\n        \u003cparam name=\"movie\" value=\"Flash/add.swf\"\u003e\n        \u003cparam name=quality value=high\u003e\n        \u003cembed src=\"Flash/add.swf\" quality=high pluginspage=\"http://www.macromedia.com/shockwave/download/index.cgi?P1_Prod_Version=ShockwaveFlash\" type=\"application/x-shockwave-flash\" width=\"107\" height=\"66\"\u003e\u003c/embed\u003e\n      \u003c/object\u003e\n    \u003c/p\u003e\n  \u003c/div\u003e \n\u003c/div\u003e \n\n\u003c!--end navbar --\u003e \n\u003cdiv id=\"siteInfo\"\u003e  \u003ca href=\"http://www.acunetix.com\"\u003eAbout Us\u003c/a\u003e | \u003ca href=\"privacy.php\"\u003ePrivacy Policy\u003c/a\u003e | \u003ca href=\"mailto:wvs@acunetix.com\"\u003eContact Us\u003c/a\u003e | \u003ca href=\"/Mod_Rewrite_Shop/\"\u003eShop\u003c/a\u003e | \u003ca href=\"/hpp/\"\u003eHTTP Parameter Pollution\u003c/a\u003e | \u0026copy;2019\n  Acunetix Ltd \n\u003c/div\u003e \n    \n    \n\u003cbr\u003e \n\u003cdiv style=\"background-color:lightgray;width:100%;text-align:center;font-size:12px;padding:1px\"\u003e\n\u003cp style=\"padding-left:5%;padding-right:5%\"\u003e\u003cb\u003eWarning\u003c/b\u003e: This is not a real shop. This is an example PHP application, which is intentionally vulnerable to web attacks. It is intended to help you test Acunetix. It also helps you understand how developer errors and bad configuration may let someone break into your website. You can use it to test other tools and your manual hacking skills as well. Tip: Look for potential SQL Injections, Cross-site Scripting (XSS), and Cross-site Request Forgery (CSRF), and more.\u003c/p\u003e\n\u003c/div\u003e\n\u003c/div\u003e\n\u003c/body\u003e\n\u003c!-- InstanceEnd --\u003e\u003c/html\u003e\n","ip":"44.228.249.3","timestamp":"2025-04-08T11:15:20.007714804Z","curl-command":"curl -X 'GET' -H 'Accept: */*' -H 'Accept-Language: en' -H 'User-Agent: Mozilla/5.0 (Fedora; Linux i686; rv:128.0) Gecko/20100101 Firefox/128.0' 'http://testphp.vulnweb.com/'","matcher-status":true}
{"template":"http/technologies/php-detect.yaml","template-url":"https://cloud.projectdiscovery.io/public/php-detect","template-id":"php-detect","template-path":"/home/tool_backend/nuclei-templates/http/technologies/php-detect.yaml","info":{"name":"PHP Detect","author":["y0no"],"tags":["tech","php"],"severity":"info","metadata":{"shodan-query":"X-Powered-By: PHP","verified":true,"max-request":1,"vendor":"php","product":"php"},"classification":{"cve-id":null,"cwe-id":null,"cpe":"cpe:2.3:a:php:php:*:*:*:*:*:*:*:*"}},"type":"http","host":"testphp.vulnweb.com","port":"80","scheme":"http","url":"http://testphp.vulnweb.com/","path":"/","matched-at":"http://testphp.vulnweb.com/","extracted-results":["5.6.40"],"request":"GET / HTTP/1.1\r\nHost: testphp.vulnweb.com\r\nUser-Agent: Mozilla/5.0 (Macintosh; Intel Mac OS X 10_15_7) AppleWebKit/605.1.15 (KHTML, like Gecko) Version/17.4.1 Safari/605.7.24\r\nConnection: close\r\nAccept: */*\r\nAccept-Language: en\r\nAccept-Encoding: gzip\r\n\r\n","response":"HTTP/1.1 200 OK\r\nConnection: close\r\nTransfer-Encoding: chunked\r\nContent-Type: text/html; charset=UTF-8\r\nDate: Tue, 08 Apr 2025 11:15:29 GMT\r\nServer: nginx/1.19.0\r\nX-Powered-By: PHP/5.6.40-38+ubuntu20.04.1+deb.sury.org+1\r\n\r\n\u003c!DOCTYPE HTML PUBLIC \"-//W3C//DTD HTML 4.01 Transitional//EN\"\n\"http://www.w3.org/TR/html4/loose.dtd\"\u003e\n\u003chtml\u003e\u003c!-- InstanceBegin template=\"/Templates/main_dynamic_template.dwt.php\" codeOutsideHTMLIsLocked=\"false\" --\u003e\n\u003chead\u003e\n\u003cmeta http-equiv=\"Content-Type\" content=\"text/html; charset=iso-8859-2\"\u003e\n\n\u003c!-- InstanceBeginEditable name=\"document_title_rgn\" --\u003e\n\u003ctitle\u003eHome of Acunetix Art\u003c/title\u003e\n\u003c!-- InstanceEndEditable --\u003e\n\u003clink rel=\"stylesheet\" href=\"style.css\" type=\"text/css\"\u003e\n\u003c!-- InstanceBeginEditable name=\"headers_rgn\" --\u003e\n\u003c!-- here goes headers headers --\u003e\n\u003c!-- InstanceEndEditable --\u003e\n\u003cscript language=\"JavaScript\" type=\"text/JavaScript\"\u003e\n\u003c!--\nfunction MM_reloadPage(init) {  //reloads the window if Nav4 resized\n  if (init==true) with (navigator) {if ((appName==\"Netscape\")\u0026\u0026(parseInt(appVersion)==4)) {\n    document.MM_pgW=innerWidth; document.MM_pgH=innerHeight; onresize=MM_reloadPage; }}\n  else if (innerWidth!=document.MM_pgW || innerHeight!=document.MM_pgH) location.reload();\n}\nMM_reloadPage(true);\n//--\u003e\n\u003c/script\u003e\n\n\u003c/head\u003e\n\u003cbody\u003e \n\u003cdiv id=\"mainLayer\" style=\"position:absolute; width:700px; z-index:1\"\u003e\n\u003cdiv id=\"masthead\"\u003e \n  \u003ch1 id=\"siteName\"\u003e\u003ca href=\"https://www.acunetix.com/\"\u003e\u003cimg src=\"images/logo.gif\" width=\"306\" height=\"38\" border=\"0\" alt=\"Acunetix website security\"\u003e\u003c/a\u003e\u003c/h1\u003e   \n  \u003ch6 id=\"siteInfo\"\u003eTEST and Demonstration site for \u003ca href=\"https://www.acunetix.com/vulnerability-scanner/\"\u003eAcunetix Web Vulnerability Scanner\u003c/a\u003e\u003c/h6\u003e\n  \u003cdiv id=\"globalNav\"\u003e \n      \t\u003ctable border=\"0\" cellpadding=\"0\" cellspacing=\"0\" width=\"100%\"\u003e\u003ctr\u003e\n\t\u003ctd align=\"left\"\u003e\n\t\t\u003ca href=\"index.php\"\u003ehome\u003c/a\u003e | \u003ca href=\"categories.php\"\u003ecategories\u003c/a\u003e | \u003ca href=\"artists.php\"\u003eartists\n\t\t\u003c/a\u003e | \u003ca href=\"disclaimer.php\"\u003edisclaimer\u003c/a\u003e | \u003ca href=\"cart.php\"\u003eyour cart\u003c/a\u003e | \n\t\t\u003ca href=\"guestbook.php\"\u003eguestbook\u003c/a\u003e | \n\t\t\u003ca href=\"AJAX/index.php\"\u003eAJAX Demo\u003c/a\u003e\n\t\u003c/td\u003e\n\t\u003ctd align=\"right\"\u003e\n\t\t\u003c/td\u003e\n\t\u003c/tr\u003e\u003c/table\u003e\n  \u003c/div\u003e \n\u003c/div\u003e \n\u003c!-- end masthead --\u003e \n\n\u003c!-- begin content --\u003e\n\u003c!-- InstanceBeginEditable name=\"content_rgn\" --\u003e\n\u003cdiv id=\"content\"\u003e\n\t\u003ch2 id=\"pageName\"\u003ewelcome to our page\u003c/h2\u003e\n\t  \u003cdiv class=\"story\"\u003e\n\t\t\u003ch3\u003eTest site for Acunetix WVS.\u003c/h3\u003e\n\t  \u003c/div\u003e\n\u003c/div\u003e\n\u003c!-- InstanceEndEditable --\u003e\n\u003c!--end content --\u003e\n\n\u003cdiv id=\"navBar\"\u003e \n  \u003cdiv id=\"search\"\u003e \n    \u003cform action=\"search.php?test=query\" method=\"post\"\u003e \n      \u003clabel\u003esearch art\u003c/label\u003e \n      \u003cinput name=\"searchFor\" type=\"text\" size=\"10\"\u003e \n      \u003cinput name=\"goButton\" type=\"submit\" value=\"go\"\u003e \n    \u003c/form\u003e \n  \u003c/div\u003e \n  \u003cdiv id=\"sectionLinks\"\u003e \n    \u003cul\u003e \n      \u003cli\u003e\u003ca href=\"categories.php\"\u003eBrowse categories\u003c/a\u003e\u003c/li\u003e \n      \u003cli\u003e\u003ca href=\"artists.php\"\u003eBrowse artists\u003c/a\u003e\u003c/li\u003e \n      \u003cli\u003e\u003ca href=\"cart.php\"\u003eYour cart\u003c/a\u003e\u003c/li\u003e \n      \u003cli\u003e\u003ca href=\"login.php\"\u003eSignup\u003c/a\u003e\u003c/li\u003e\n\t  \u003cli\u003e\u003ca href=\"userinfo.php\"\u003eYour profile\u003c/a\u003e\u003c/li\u003e\n\t  \u003cli\u003e\u003ca href=\"guestbook.php\"\u003eOur guestbook\u003c/a\u003e\u003c/li\u003e\n\t\t\u003cli\u003e\u003ca href=\"AJAX/index.php\"\u003eAJAX Demo\u003c/a\u003e\u003c/li\u003e\n\t  \u003c/li\u003e \n    \u003c/ul\u003e \n  \u003c/div\u003e \n  \u003cdiv class=\"relatedLinks\"\u003e \n    \u003ch3\u003eLinks\u003c/h3\u003e \n    \u003cul\u003e \n      \u003cli\u003e\u003ca href=\"http://www.acunetix.com\"\u003eSecurity art\u003c/a\u003e\u003c/li\u003e \n\t  \u003cli\u003e\u003ca href=\"https://www.acunetix.com/vulnerability-scanner/php-security-scanner/\"\u003ePHP scanner\u003c/a\u003e\u003c/li\u003e\n\t  \u003cli\u003e\u003ca href=\"https://www.acunetix.com/blog/articles/prevent-sql-injection-vulnerabilities-in-php-applications/\"\u003ePHP vuln help\u003c/a\u003e\u003c/li\u003e\n\t  \u003cli\u003e\u003ca href=\"http://www.eclectasy.com/Fractal-Explorer/index.html\"\u003eFractal Explorer\u003c/a\u003e\u003c/li\u003e \n    \u003c/ul\u003e \n  \u003c/div\u003e \n  \u003cdiv id=\"advert\"\u003e \n    \u003cp\u003e\n      \u003cobject classid=\"clsid:D27CDB6E-AE6D-11cf-96B8-444553540000\" codebase=\"http://download.macromedia.com/pub/shockwave/cabs/flash/swflash.cab#version=6,0,29,0\" width=\"107\" height=\"66\"\u003e\n        \u003cparam name=\"movie\" value=\"Flash/add.swf\"\u003e\n        \u003cparam name=quality value=high\u003e\n        \u003cembed src=\"Flash/add.swf\" quality=high pluginspage=\"http://www.macromedia.com/shockwave/download/index.cgi?P1_Prod_Version=ShockwaveFlash\" type=\"application/x-shockwave-flash\" width=\"107\" height=\"66\"\u003e\u003c/embed\u003e\n      \u003c/object\u003e\n    \u003c/p\u003e\n  \u003c/div\u003e \n\u003c/div\u003e \n\n\u003c!--end navbar --\u003e \n\u003cdiv id=\"siteInfo\"\u003e  \u003ca href=\"http://www.acunetix.com\"\u003eAbout Us\u003c/a\u003e | \u003ca href=\"privacy.php\"\u003ePrivacy Policy\u003c/a\u003e | \u003ca href=\"mailto:wvs@acunetix.com\"\u003eContact Us\u003c/a\u003e | \u003ca href=\"/Mod_Rewrite_Shop/\"\u003eShop\u003c/a\u003e | \u003ca href=\"/hpp/\"\u003eHTTP Parameter Pollution\u003c/a\u003e | \u0026copy;2019\n  Acunetix Ltd \n\u003c/div\u003e \n    \n    \n\u003cbr\u003e \n\u003cdiv style=\"background-color:lightgray;width:100%;text-align:center;font-size:12px;padding:1px\"\u003e\n\u003cp style=\"padding-left:5%;padding-right:5%\"\u003e\u003cb\u003eWarning\u003c/b\u003e: This is not a real shop. This is an example PHP application, which is intentionally vulnerable to web attacks. It is intended to help you test Acunetix. It also helps you understand how developer errors and bad configuration may let someone break into your website. You can use it to test other tools and your manual hacking skills as well. Tip: Look for potential SQL Injections, Cross-site Scripting (XSS), and Cross-site Request Forgery (CSRF), and more.\u003c/p\u003e\n\u003c/div\u003e\n\u003c/div\u003e\n\u003c/body\u003e\n\u003c!-- InstanceEnd --\u003e\u003c/html\u003e\n","ip":"44.228.249.3","timestamp":"2025-04-08T11:15:29.763360717Z","curl-command":"curl -X 'GET' -H 'Accept: */*' -H 'Accept-Language: en' -H 'User-Agent: Mozilla/5.0 (Macintosh; Intel Mac OS X 10_15_7) AppleWebKit/605.1.15 (KHTML, like Gecko) Version/17.4.1 Safari/605.7.24' 'http://testphp.vulnweb.com/'","matcher-status":true}
{"template":"http/technologies/tech-detect.yaml","template-url":"https://cloud.projectdiscovery.io/public/tech-detect","template-id":"tech-detect","template-path":"/home/tool_backend/nuclei-templates/http/technologies/tech-detect.yaml","info":{"name":"Wappalyzer Technology Detection","author":["hakluke","righettod"],"tags":["tech"],"severity":"info","metadata":{"max-request":1}},"matcher-name":"dreamweaver","type":"http","host":"testphp.vulnweb.com","port":"80","scheme":"http","url":"http://testphp.vulnweb.com/","path":"/","matched-at":"http://testphp.vulnweb.com/","request":"GET / HTTP/1.1\r\nHost: testphp.vulnweb.com\r\nUser-Agent: Mozilla/5.0 (Knoppix; Linux x86_64; rv:124.0) Gecko/20100101 Firefox/124.0\r\nConnection: close\r\nAccept: */*\r\nAccept-Language: en\r\nAccept-Encoding: gzip\r\n\r\n","response":"HTTP/1.1 200 OK\r\nConnection: close\r\nTransfer-Encoding: chunked\r\nContent-Type: text/html; charset=UTF-8\r\nDate: Tue, 08 Apr 2025 11:15:40 GMT\r\nServer: nginx/1.19.0\r\nX-Powered-By: PHP/5.6.40-38+ubuntu20.04.1+deb.sury.org+1\r\n\r\n\u003c!DOCTYPE HTML PUBLIC \"-//W3C//DTD HTML 4.01 Transitional//EN\"\n\"http://www.w3.org/TR/html4/loose.dtd\"\u003e\n\u003chtml\u003e\u003c!-- InstanceBegin template=\"/Templates/main_dynamic_template.dwt.php\" codeOutsideHTMLIsLocked=\"false\" --\u003e\n\u003chead\u003e\n\u003cmeta http-equiv=\"Content-Type\" content=\"text/html; charset=iso-8859-2\"\u003e\n\n\u003c!-- InstanceBeginEditable name=\"document_title_rgn\" --\u003e\n\u003ctitle\u003eHome of Acunetix Art\u003c/title\u003e\n\u003c!-- InstanceEndEditable --\u003e\n\u003clink rel=\"stylesheet\" href=\"style.css\" type=\"text/css\"\u003e\n\u003c!-- InstanceBeginEditable name=\"headers_rgn\" --\u003e\n\u003c!-- here goes headers headers --\u003e\n\u003c!-- InstanceEndEditable --\u003e\n\u003cscript language=\"JavaScript\" type=\"text/JavaScript\"\u003e\n\u003c!--\nfunction MM_reloadPage(init) {  //reloads the window if Nav4 resized\n  if (init==true) with (navigator) {if ((appName==\"Netscape\")\u0026\u0026(parseInt(appVersion)==4)) {\n    document.MM_pgW=innerWidth; document.MM_pgH=innerHeight; onresize=MM_reloadPage; }}\n  else if (innerWidth!=document.MM_pgW || innerHeight!=document.MM_pgH) location.reload();\n}\nMM_reloadPage(true);\n//--\u003e\n\u003c/script\u003e\n\n\u003c/head\u003e\n\u003cbody\u003e \n\u003cdiv id=\"mainLayer\" style=\"position:absolute; width:700px; z-index:1\"\u003e\n\u003cdiv id=\"masthead\"\u003e \n  \u003ch1 id=\"siteName\"\u003e\u003ca href=\"https://www.acunetix.com/\"\u003e\u003cimg src=\"images/logo.gif\" width=\"306\" height=\"38\" border=\"0\" alt=\"Acunetix website security\"\u003e\u003c/a\u003e\u003c/h1\u003e   \n  \u003ch6 id=\"siteInfo\"\u003eTEST and Demonstration site for \u003ca href=\"https://www.acunetix.com/vulnerability-scanner/\"\u003eAcunetix Web Vulnerability Scanner\u003c/a\u003e\u003c/h6\u003e\n  \u003cdiv id=\"globalNav\"\u003e \n      \t\u003ctable border=\"0\" cellpadding=\"0\" cellspacing=\"0\" width=\"100%\"\u003e\u003ctr\u003e\n\t\u003ctd align=\"left\"\u003e\n\t\t\u003ca href=\"index.php\"\u003ehome\u003c/a\u003e | \u003ca href=\"categories.php\"\u003ecategories\u003c/a\u003e | \u003ca href=\"artists.php\"\u003eartists\n\t\t\u003c/a\u003e | \u003ca href=\"disclaimer.php\"\u003edisclaimer\u003c/a\u003e | \u003ca href=\"cart.php\"\u003eyour cart\u003c/a\u003e | \n\t\t\u003ca href=\"guestbook.php\"\u003eguestbook\u003c/a\u003e | \n\t\t\u003ca href=\"AJAX/index.php\"\u003eAJAX Demo\u003c/a\u003e\n\t\u003c/td\u003e\n\t\u003ctd align=\"right\"\u003e\n\t\t\u003c/td\u003e\n\t\u003c/tr\u003e\u003c/table\u003e\n  \u003c/div\u003e \n\u003c/div\u003e \n\u003c!-- end masthead --\u003e \n\n\u003c!-- begin content --\u003e\n\u003c!-- InstanceBeginEditable name=\"content_rgn\" --\u003e\n\u003cdiv id=\"content\"\u003e\n\t\u003ch2 id=\"pageName\"\u003ewelcome to our page\u003c/h2\u003e\n\t  \u003cdiv class=\"story\"\u003e\n\t\t\u003ch3\u003eTest site for Acunetix WVS.\u003c/h3\u003e\n\t  \u003c/div\u003e\n\u003c/div\u003e\n\u003c!-- InstanceEndEditable --\u003e\n\u003c!--end content --\u003e\n\n\u003cdiv id=\"navBar\"\u003e \n  \u003cdiv id=\"search\"\u003e \n    \u003cform action=\"search.php?test=query\" method=\"post\"\u003e \n      \u003clabel\u003esearch art\u003c/label\u003e \n      \u003cinput name=\"searchFor\" type=\"text\" size=\"10\"\u003e \n      \u003cinput name=\"goButton\" type=\"submit\" value=\"go\"\u003e \n    \u003c/form\u003e \n  \u003c/div\u003e \n  \u003cdiv id=\"sectionLinks\"\u003e \n    \u003cul\u003e \n      \u003cli\u003e\u003ca href=\"categories.php\"\u003eBrowse categories\u003c/a\u003e\u003c/li\u003e \n      \u003cli\u003e\u003ca href=\"artists.php\"\u003eBrowse artists\u003c/a\u003e\u003c/li\u003e \n      \u003cli\u003e\u003ca href=\"cart.php\"\u003eYour cart\u003c/a\u003e\u003c/li\u003e \n      \u003cli\u003e\u003ca href=\"login.php\"\u003eSignup\u003c/a\u003e\u003c/li\u003e\n\t  \u003cli\u003e\u003ca href=\"userinfo.php\"\u003eYour profile\u003c/a\u003e\u003c/li\u003e\n\t  \u003cli\u003e\u003ca href=\"guestbook.php\"\u003eOur guestbook\u003c/a\u003e\u003c/li\u003e\n\t\t\u003cli\u003e\u003ca href=\"AJAX/index.php\"\u003eAJAX Demo\u003c/a\u003e\u003c/li\u003e\n\t  \u003c/li\u003e \n    \u003c/ul\u003e \n  \u003c/div\u003e \n  \u003cdiv class=\"relatedLinks\"\u003e \n    \u003ch3\u003eLinks\u003c/h3\u003e \n    \u003cul\u003e \n      \u003cli\u003e\u003ca href=\"http://www.acunetix.com\"\u003eSecurity art\u003c/a\u003e\u003c/li\u003e \n\t  \u003cli\u003e\u003ca href=\"https://www.acunetix.com/vulnerability-scanner/php-security-scanner/\"\u003ePHP scanner\u003c/a\u003e\u003c/li\u003e\n\t  \u003cli\u003e\u003ca href=\"https://www.acunetix.com/blog/articles/prevent-sql-injection-vulnerabilities-in-php-applications/\"\u003ePHP vuln help\u003c/a\u003e\u003c/li\u003e\n\t  \u003cli\u003e\u003ca href=\"http://www.eclectasy.com/Fractal-Explorer/index.html\"\u003eFractal Explorer\u003c/a\u003e\u003c/li\u003e \n    \u003c/ul\u003e \n  \u003c/div\u003e \n  \u003cdiv id=\"advert\"\u003e \n    \u003cp\u003e\n      \u003cobject classid=\"clsid:D27CDB6E-AE6D-11cf-96B8-444553540000\" codebase=\"http://download.macromedia.com/pub/shockwave/cabs/flash/swflash.cab#version=6,0,29,0\" width=\"107\" height=\"66\"\u003e\n        \u003cparam name=\"movie\" value=\"Flash/add.swf\"\u003e\n        \u003cparam name=quality value=high\u003e\n        \u003cembed src=\"Flash/add.swf\" quality=high pluginspage=\"http://www.macromedia.com/shockwave/download/index.cgi?P1_Prod_Version=ShockwaveFlash\" type=\"application/x-shockwave-flash\" width=\"107\" height=\"66\"\u003e\u003c/embed\u003e\n      \u003c/object\u003e\n    \u003c/p\u003e\n  \u003c/div\u003e \n\u003c/div\u003e \n\n\u003c!--end navbar --\u003e \n\u003cdiv id=\"siteInfo\"\u003e  \u003ca href=\"http://www.acunetix.com\"\u003eAbout Us\u003c/a\u003e | \u003ca href=\"privacy.php\"\u003ePrivacy Policy\u003c/a\u003e | \u003ca href=\"mailto:wvs@acunetix.com\"\u003eContact Us\u003c/a\u003e | \u003ca href=\"/Mod_Rewrite_Shop/\"\u003eShop\u003c/a\u003e | \u003ca href=\"/hpp/\"\u003eHTTP Parameter Pollution\u003c/a\u003e | \u0026copy;2019\n  Acunetix Ltd \n\u003c/div\u003e \n    \n    \n\u003cbr\u003e \n\u003cdiv style=\"background-color:lightgray;width:100%;text-align:center;font-size:12px;padding:1px\"\u003e\n\u003cp style=\"padding-left:5%;padding-right:5%\"\u003e\u003cb\u003eWarning\u003c/b\u003e: This is not a real shop. This is an example PHP application, which is intentionally vulnerable to web attacks. It is intended to help you test Acunetix. It also helps you understand how developer errors and bad configuration may let someone break into your website. You can use it to test other tools and your manual hacking skills as well. Tip: Look for potential SQL Injections, Cross-site Scripting (XSS), and Cross-site Request Forgery (CSRF), and more.\u003c/p\u003e\n\u003c/div\u003e\n\u003c/div\u003e\n\u003c/body\u003e\n\u003c!-- InstanceEnd --\u003e\u003c/html\u003e\n","ip":"44.228.249.3","timestamp":"2025-04-08T11:15:41.08632503Z","curl-command":"curl -X 'GET' -H 'Accept: */*' -H 'Accept-Language: en' -H 'User-Agent: Mozilla/5.0 (Knoppix; Linux x86_64; rv:124.0) Gecko/20100101 Firefox/124.0' 'http://testphp.vulnweb.com/'","matcher-status":true}
{"template":"http/technologies/tech-detect.yaml","template-url":"https://cloud.projectdiscovery.io/public/tech-detect","template-id":"tech-detect","template-path":"/home/tool_backend/nuclei-templates/http/technologies/tech-detect.yaml","info":{"name":"Wappalyzer Technology Detection","author":["hakluke","righettod"],"tags":["tech"],"severity":"info","metadata":{"max-request":1}},"matcher-name":"nginx","type":"http","host":"testphp.vulnweb.com","port":"80","scheme":"http","url":"http://testphp.vulnweb.com/","path":"/","matched-at":"http://testphp.vulnweb.com/","request":"GET / HTTP/1.1\r\nHost: testphp.vulnweb.com\r\nUser-Agent: Mozilla/5.0 (Knoppix; Linux x86_64; rv:124.0) Gecko/20100101 Firefox/124.0\r\nConnection: close\r\nAccept: */*\r\nAccept-Language: en\r\nAccept-Encoding: gzip\r\n\r\n","response":"HTTP/1.1 200 OK\r\nConnection: close\r\nTransfer-Encoding: chunked\r\nContent-Type: text/html; charset=UTF-8\r\nDate: Tue, 08 Apr 2025 11:15:40 GMT\r\nServer: nginx/1.19.0\r\nX-Powered-By: PHP/5.6.40-38+ubuntu20.04.1+deb.sury.org+1\r\n\r\n\u003c!DOCTYPE HTML PUBLIC \"-//W3C//DTD HTML 4.01 Transitional//EN\"\n\"http://www.w3.org/TR/html4/loose.dtd\"\u003e\n\u003chtml\u003e\u003c!-- InstanceBegin template=\"/Templates/main_dynamic_template.dwt.php\" codeOutsideHTMLIsLocked=\"false\" --\u003e\n\u003chead\u003e\n\u003cmeta http-equiv=\"Content-Type\" content=\"text/html; charset=iso-8859-2\"\u003e\n\n\u003c!-- InstanceBeginEditable name=\"document_title_rgn\" --\u003e\n\u003ctitle\u003eHome of Acunetix Art\u003c/title\u003e\n\u003c!-- InstanceEndEditable --\u003e\n\u003clink rel=\"stylesheet\" href=\"style.css\" type=\"text/css\"\u003e\n\u003c!-- InstanceBeginEditable name=\"headers_rgn\" --\u003e\n\u003c!-- here goes headers headers --\u003e\n\u003c!-- InstanceEndEditable --\u003e\n\u003cscript language=\"JavaScript\" type=\"text/JavaScript\"\u003e\n\u003c!--\nfunction MM_reloadPage(init) {  //reloads the window if Nav4 resized\n  if (init==true) with (navigator) {if ((appName==\"Netscape\")\u0026\u0026(parseInt(appVersion)==4)) {\n    document.MM_pgW=innerWidth; document.MM_pgH=innerHeight; onresize=MM_reloadPage; }}\n  else if (innerWidth!=document.MM_pgW || innerHeight!=document.MM_pgH) location.reload();\n}\nMM_reloadPage(true);\n//--\u003e\n\u003c/script\u003e\n\n\u003c/head\u003e\n\u003cbody\u003e \n\u003cdiv id=\"mainLayer\" style=\"position:absolute; width:700px; z-index:1\"\u003e\n\u003cdiv id=\"masthead\"\u003e \n  \u003ch1 id=\"siteName\"\u003e\u003ca href=\"https://www.acunetix.com/\"\u003e\u003cimg src=\"images/logo.gif\" width=\"306\" height=\"38\" border=\"0\" alt=\"Acunetix website security\"\u003e\u003c/a\u003e\u003c/h1\u003e   \n  \u003ch6 id=\"siteInfo\"\u003eTEST and Demonstration site for \u003ca href=\"https://www.acunetix.com/vulnerability-scanner/\"\u003eAcunetix Web Vulnerability Scanner\u003c/a\u003e\u003c/h6\u003e\n  \u003cdiv id=\"globalNav\"\u003e \n      \t\u003ctable border=\"0\" cellpadding=\"0\" cellspacing=\"0\" width=\"100%\"\u003e\u003ctr\u003e\n\t\u003ctd align=\"left\"\u003e\n\t\t\u003ca href=\"index.php\"\u003ehome\u003c/a\u003e | \u003ca href=\"categories.php\"\u003ecategories\u003c/a\u003e | \u003ca href=\"artists.php\"\u003eartists\n\t\t\u003c/a\u003e | \u003ca href=\"disclaimer.php\"\u003edisclaimer\u003c/a\u003e | \u003ca href=\"cart.php\"\u003eyour cart\u003c/a\u003e | \n\t\t\u003ca href=\"guestbook.php\"\u003eguestbook\u003c/a\u003e | \n\t\t\u003ca href=\"AJAX/index.php\"\u003eAJAX Demo\u003c/a\u003e\n\t\u003c/td\u003e\n\t\u003ctd align=\"right\"\u003e\n\t\t\u003c/td\u003e\n\t\u003c/tr\u003e\u003c/table\u003e\n  \u003c/div\u003e \n\u003c/div\u003e \n\u003c!-- end masthead --\u003e \n\n\u003c!-- begin content --\u003e\n\u003c!-- InstanceBeginEditable name=\"content_rgn\" --\u003e\n\u003cdiv id=\"content\"\u003e\n\t\u003ch2 id=\"pageName\"\u003ewelcome to our page\u003c/h2\u003e\n\t  \u003cdiv class=\"story\"\u003e\n\t\t\u003ch3\u003eTest site for Acunetix WVS.\u003c/h3\u003e\n\t  \u003c/div\u003e\n\u003c/div\u003e\n\u003c!-- InstanceEndEditable --\u003e\n\u003c!--end content --\u003e\n\n\u003cdiv id=\"navBar\"\u003e \n  \u003cdiv id=\"search\"\u003e \n    \u003cform action=\"search.php?test=query\" method=\"post\"\u003e \n      \u003clabel\u003esearch art\u003c/label\u003e \n      \u003cinput name=\"searchFor\" type=\"text\" size=\"10\"\u003e \n      \u003cinput name=\"goButton\" type=\"submit\" value=\"go\"\u003e \n    \u003c/form\u003e \n  \u003c/div\u003e \n  \u003cdiv id=\"sectionLinks\"\u003e \n    \u003cul\u003e \n      \u003cli\u003e\u003ca href=\"categories.php\"\u003eBrowse categories\u003c/a\u003e\u003c/li\u003e \n      \u003cli\u003e\u003ca href=\"artists.php\"\u003eBrowse artists\u003c/a\u003e\u003c/li\u003e \n      \u003cli\u003e\u003ca href=\"cart.php\"\u003eYour cart\u003c/a\u003e\u003c/li\u003e \n      \u003cli\u003e\u003ca href=\"login.php\"\u003eSignup\u003c/a\u003e\u003c/li\u003e\n\t  \u003cli\u003e\u003ca href=\"userinfo.php\"\u003eYour profile\u003c/a\u003e\u003c/li\u003e\n\t  \u003cli\u003e\u003ca href=\"guestbook.php\"\u003eOur guestbook\u003c/a\u003e\u003c/li\u003e\n\t\t\u003cli\u003e\u003ca href=\"AJAX/index.php\"\u003eAJAX Demo\u003c/a\u003e\u003c/li\u003e\n\t  \u003c/li\u003e \n    \u003c/ul\u003e \n  \u003c/div\u003e \n  \u003cdiv class=\"relatedLinks\"\u003e \n    \u003ch3\u003eLinks\u003c/h3\u003e \n    \u003cul\u003e \n      \u003cli\u003e\u003ca href=\"http://www.acunetix.com\"\u003eSecurity art\u003c/a\u003e\u003c/li\u003e \n\t  \u003cli\u003e\u003ca href=\"https://www.acunetix.com/vulnerability-scanner/php-security-scanner/\"\u003ePHP scanner\u003c/a\u003e\u003c/li\u003e\n\t  \u003cli\u003e\u003ca href=\"https://www.acunetix.com/blog/articles/prevent-sql-injection-vulnerabilities-in-php-applications/\"\u003ePHP vuln help\u003c/a\u003e\u003c/li\u003e\n\t  \u003cli\u003e\u003ca href=\"http://www.eclectasy.com/Fractal-Explorer/index.html\"\u003eFractal Explorer\u003c/a\u003e\u003c/li\u003e \n    \u003c/ul\u003e \n  \u003c/div\u003e \n  \u003cdiv id=\"advert\"\u003e \n    \u003cp\u003e\n      \u003cobject classid=\"clsid:D27CDB6E-AE6D-11cf-96B8-444553540000\" codebase=\"http://download.macromedia.com/pub/shockwave/cabs/flash/swflash.cab#version=6,0,29,0\" width=\"107\" height=\"66\"\u003e\n        \u003cparam name=\"movie\" value=\"Flash/add.swf\"\u003e\n        \u003cparam name=quality value=high\u003e\n        \u003cembed src=\"Flash/add.swf\" quality=high pluginspage=\"http://www.macromedia.com/shockwave/download/index.cgi?P1_Prod_Version=ShockwaveFlash\" type=\"application/x-shockwave-flash\" width=\"107\" height=\"66\"\u003e\u003c/embed\u003e\n      \u003c/object\u003e\n    \u003c/p\u003e\n  \u003c/div\u003e \n\u003c/div\u003e \n\n\u003c!--end navbar --\u003e \n\u003cdiv id=\"siteInfo\"\u003e  \u003ca href=\"http://www.acunetix.com\"\u003eAbout Us\u003c/a\u003e | \u003ca href=\"privacy.php\"\u003ePrivacy Policy\u003c/a\u003e | \u003ca href=\"mailto:wvs@acunetix.com\"\u003eContact Us\u003c/a\u003e | \u003ca href=\"/Mod_Rewrite_Shop/\"\u003eShop\u003c/a\u003e | \u003ca href=\"/hpp/\"\u003eHTTP Parameter Pollution\u003c/a\u003e | \u0026copy;2019\n  Acunetix Ltd \n\u003c/div\u003e \n    \n    \n\u003cbr\u003e \n\u003cdiv style=\"background-color:lightgray;width:100%;text-align:center;font-size:12px;padding:1px\"\u003e\n\u003cp style=\"padding-left:5%;padding-right:5%\"\u003e\u003cb\u003eWarning\u003c/b\u003e: This is not a real shop. This is an example PHP application, which is intentionally vulnerable to web attacks. It is intended to help you test Acunetix. It also helps you understand how developer errors and bad configuration may let someone break into your website. You can use it to test other tools and your manual hacking skills as well. Tip: Look for potential SQL Injections, Cross-site Scripting (XSS), and Cross-site Request Forgery (CSRF), and more.\u003c/p\u003e\n\u003c/div\u003e\n\u003c/div\u003e\n\u003c/body\u003e\n\u003c!-- InstanceEnd --\u003e\u003c/html\u003e\n","ip":"44.228.249.3","timestamp":"2025-04-08T11:15:41.094251599Z","curl-command":"curl -X 'GET' -H 'Accept: */*' -H 'Accept-Language: en' -H 'User-Agent: Mozilla/5.0 (Knoppix; Linux x86_64; rv:124.0) Gecko/20100101 Firefox/124.0' 'http://testphp.vulnweb.com/'","matcher-status":true}
{"template":"http/technologies/tech-detect.yaml","template-url":"https://cloud.projectdiscovery.io/public/tech-detect","template-id":"tech-detect","template-path":"/home/tool_backend/nuclei-templates/http/technologies/tech-detect.yaml","info":{"name":"Wappalyzer Technology Detection","author":["hakluke","righettod"],"tags":["tech"],"severity":"info","metadata":{"max-request":1}},"matcher-name":"php","type":"http","host":"testphp.vulnweb.com","port":"80","scheme":"http","url":"http://testphp.vulnweb.com/","path":"/","matched-at":"http://testphp.vulnweb.com/","request":"GET / HTTP/1.1\r\nHost: testphp.vulnweb.com\r\nUser-Agent: Mozilla/5.0 (Knoppix; Linux x86_64; rv:124.0) Gecko/20100101 Firefox/124.0\r\nConnection: close\r\nAccept: */*\r\nAccept-Language: en\r\nAccept-Encoding: gzip\r\n\r\n","response":"HTTP/1.1 200 OK\r\nConnection: close\r\nTransfer-Encoding: chunked\r\nContent-Type: text/html; charset=UTF-8\r\nDate: Tue, 08 Apr 2025 11:15:40 GMT\r\nServer: nginx/1.19.0\r\nX-Powered-By: PHP/5.6.40-38+ubuntu20.04.1+deb.sury.org+1\r\n\r\n\u003c!DOCTYPE HTML PUBLIC \"-//W3C//DTD HTML 4.01 Transitional//EN\"\n\"http://www.w3.org/TR/html4/loose.dtd\"\u003e\n\u003chtml\u003e\u003c!-- InstanceBegin template=\"/Templates/main_dynamic_template.dwt.php\" codeOutsideHTMLIsLocked=\"false\" --\u003e\n\u003chead\u003e\n\u003cmeta http-equiv=\"Content-Type\" content=\"text/html; charset=iso-8859-2\"\u003e\n\n\u003c!-- InstanceBeginEditable name=\"document_title_rgn\" --\u003e\n\u003ctitle\u003eHome of Acunetix Art\u003c/title\u003e\n\u003c!-- InstanceEndEditable --\u003e\n\u003clink rel=\"stylesheet\" href=\"style.css\" type=\"text/css\"\u003e\n\u003c!-- InstanceBeginEditable name=\"headers_rgn\" --\u003e\n\u003c!-- here goes headers headers --\u003e\n\u003c!-- InstanceEndEditable --\u003e\n\u003cscript language=\"JavaScript\" type=\"text/JavaScript\"\u003e\n\u003c!--\nfunction MM_reloadPage(init) {  //reloads the window if Nav4 resized\n  if (init==true) with (navigator) {if ((appName==\"Netscape\")\u0026\u0026(parseInt(appVersion)==4)) {\n    document.MM_pgW=innerWidth; document.MM_pgH=innerHeight; onresize=MM_reloadPage; }}\n  else if (innerWidth!=document.MM_pgW || innerHeight!=document.MM_pgH) location.reload();\n}\nMM_reloadPage(true);\n//--\u003e\n\u003c/script\u003e\n\n\u003c/head\u003e\n\u003cbody\u003e \n\u003cdiv id=\"mainLayer\" style=\"position:absolute; width:700px; z-index:1\"\u003e\n\u003cdiv id=\"masthead\"\u003e \n  \u003ch1 id=\"siteName\"\u003e\u003ca href=\"https://www.acunetix.com/\"\u003e\u003cimg src=\"images/logo.gif\" width=\"306\" height=\"38\" border=\"0\" alt=\"Acunetix website security\"\u003e\u003c/a\u003e\u003c/h1\u003e   \n  \u003ch6 id=\"siteInfo\"\u003eTEST and Demonstration site for \u003ca href=\"https://www.acunetix.com/vulnerability-scanner/\"\u003eAcunetix Web Vulnerability Scanner\u003c/a\u003e\u003c/h6\u003e\n  \u003cdiv id=\"globalNav\"\u003e \n      \t\u003ctable border=\"0\" cellpadding=\"0\" cellspacing=\"0\" width=\"100%\"\u003e\u003ctr\u003e\n\t\u003ctd align=\"left\"\u003e\n\t\t\u003ca href=\"index.php\"\u003ehome\u003c/a\u003e | \u003ca href=\"categories.php\"\u003ecategories\u003c/a\u003e | \u003ca href=\"artists.php\"\u003eartists\n\t\t\u003c/a\u003e | \u003ca href=\"disclaimer.php\"\u003edisclaimer\u003c/a\u003e | \u003ca href=\"cart.php\"\u003eyour cart\u003c/a\u003e | \n\t\t\u003ca href=\"guestbook.php\"\u003eguestbook\u003c/a\u003e | \n\t\t\u003ca href=\"AJAX/index.php\"\u003eAJAX Demo\u003c/a\u003e\n\t\u003c/td\u003e\n\t\u003ctd align=\"right\"\u003e\n\t\t\u003c/td\u003e\n\t\u003c/tr\u003e\u003c/table\u003e\n  \u003c/div\u003e \n\u003c/div\u003e \n\u003c!-- end masthead --\u003e \n\n\u003c!-- begin content --\u003e\n\u003c!-- InstanceBeginEditable name=\"content_rgn\" --\u003e\n\u003cdiv id=\"content\"\u003e\n\t\u003ch2 id=\"pageName\"\u003ewelcome to our page\u003c/h2\u003e\n\t  \u003cdiv class=\"story\"\u003e\n\t\t\u003ch3\u003eTest site for Acunetix WVS.\u003c/h3\u003e\n\t  \u003c/div\u003e\n\u003c/div\u003e\n\u003c!-- InstanceEndEditable --\u003e\n\u003c!--end content --\u003e\n\n\u003cdiv id=\"navBar\"\u003e \n  \u003cdiv id=\"search\"\u003e \n    \u003cform action=\"search.php?test=query\" method=\"post\"\u003e \n      \u003clabel\u003esearch art\u003c/label\u003e \n      \u003cinput name=\"searchFor\" type=\"text\" size=\"10\"\u003e \n      \u003cinput name=\"goButton\" type=\"submit\" value=\"go\"\u003e \n    \u003c/form\u003e \n  \u003c/div\u003e \n  \u003cdiv id=\"sectionLinks\"\u003e \n    \u003cul\u003e \n      \u003cli\u003e\u003ca href=\"categories.php\"\u003eBrowse categories\u003c/a\u003e\u003c/li\u003e \n      \u003cli\u003e\u003ca href=\"artists.php\"\u003eBrowse artists\u003c/a\u003e\u003c/li\u003e \n      \u003cli\u003e\u003ca href=\"cart.php\"\u003eYour cart\u003c/a\u003e\u003c/li\u003e \n      \u003cli\u003e\u003ca href=\"login.php\"\u003eSignup\u003c/a\u003e\u003c/li\u003e\n\t  \u003cli\u003e\u003ca href=\"userinfo.php\"\u003eYour profile\u003c/a\u003e\u003c/li\u003e\n\t  \u003cli\u003e\u003ca href=\"guestbook.php\"\u003eOur guestbook\u003c/a\u003e\u003c/li\u003e\n\t\t\u003cli\u003e\u003ca href=\"AJAX/index.php\"\u003eAJAX Demo\u003c/a\u003e\u003c/li\u003e\n\t  \u003c/li\u003e \n    \u003c/ul\u003e \n  \u003c/div\u003e \n  \u003cdiv class=\"relatedLinks\"\u003e \n    \u003ch3\u003eLinks\u003c/h3\u003e \n    \u003cul\u003e \n      \u003cli\u003e\u003ca href=\"http://www.acunetix.com\"\u003eSecurity art\u003c/a\u003e\u003c/li\u003e \n\t  \u003cli\u003e\u003ca href=\"https://www.acunetix.com/vulnerability-scanner/php-security-scanner/\"\u003ePHP scanner\u003c/a\u003e\u003c/li\u003e\n\t  \u003cli\u003e\u003ca href=\"https://www.acunetix.com/blog/articles/prevent-sql-injection-vulnerabilities-in-php-applications/\"\u003ePHP vuln help\u003c/a\u003e\u003c/li\u003e\n\t  \u003cli\u003e\u003ca href=\"http://www.eclectasy.com/Fractal-Explorer/index.html\"\u003eFractal Explorer\u003c/a\u003e\u003c/li\u003e \n    \u003c/ul\u003e \n  \u003c/div\u003e \n  \u003cdiv id=\"advert\"\u003e \n    \u003cp\u003e\n      \u003cobject classid=\"clsid:D27CDB6E-AE6D-11cf-96B8-444553540000\" codebase=\"http://download.macromedia.com/pub/shockwave/cabs/flash/swflash.cab#version=6,0,29,0\" width=\"107\" height=\"66\"\u003e\n        \u003cparam name=\"movie\" value=\"Flash/add.swf\"\u003e\n        \u003cparam name=quality value=high\u003e\n        \u003cembed src=\"Flash/add.swf\" quality=high pluginspage=\"http://www.macromedia.com/shockwave/download/index.cgi?P1_Prod_Version=ShockwaveFlash\" type=\"application/x-shockwave-flash\" width=\"107\" height=\"66\"\u003e\u003c/embed\u003e\n      \u003c/object\u003e\n    \u003c/p\u003e\n  \u003c/div\u003e \n\u003c/div\u003e \n\n\u003c!--end navbar --\u003e \n\u003cdiv id=\"siteInfo\"\u003e  \u003ca href=\"http://www.acunetix.com\"\u003eAbout Us\u003c/a\u003e | \u003ca href=\"privacy.php\"\u003ePrivacy Policy\u003c/a\u003e | \u003ca href=\"mailto:wvs@acunetix.com\"\u003eContact Us\u003c/a\u003e | \u003ca href=\"/Mod_Rewrite_Shop/\"\u003eShop\u003c/a\u003e | \u003ca href=\"/hpp/\"\u003eHTTP Parameter Pollution\u003c/a\u003e | \u0026copy;2019\n  Acunetix Ltd \n\u003c/div\u003e \n    \n    \n\u003cbr\u003e \n\u003cdiv style=\"background-color:lightgray;width:100%;text-align:center;font-size:12px;padding:1px\"\u003e\n\u003cp style=\"padding-left:5%;padding-right:5%\"\u003e\u003cb\u003eWarning\u003c/b\u003e: This is not a real shop. This is an example PHP application, which is intentionally vulnerable to web attacks. It is intended to help you test Acunetix. It also helps you understand how developer errors and bad configuration may let someone break into your website. You can use it to test other tools and your manual hacking skills as well. Tip: Look for potential SQL Injections, Cross-site Scripting (XSS), and Cross-site Request Forgery (CSRF), and more.\u003c/p\u003e\n\u003c/div\u003e\n\u003c/div\u003e\n\u003c/body\u003e\n\u003c!-- InstanceEnd --\u003e\u003c/html\u003e\n","ip":"44.228.249.3","timestamp":"2025-04-08T11:15:41.094621914Z","curl-command":"curl -X 'GET' -H 'Accept: */*' -H 'Accept-Language: en' -H 'User-Agent: Mozilla/5.0 (Knoppix; Linux x86_64; rv:124.0) Gecko/20100101 Firefox/124.0' 'http://testphp.vulnweb.com/'","matcher-status":true}
{"template":"http/technologies/waf-detect.yaml","template-url":"https://cloud.projectdiscovery.io/public/waf-detect","template-id":"waf-detect","template-path":"/home/tool_backend/nuclei-templates/http/technologies/waf-detect.yaml","info":{"name":"WAF Detection","author":["dwisiswant0","lu4nx"],"tags":["waf","tech","misc"],"description":"A web application firewall was detected.","reference":["https://github.com/Ekultek/WhatWaf"],"severity":"info","metadata":{"max-request":1},"classification":{"cve-id":null,"cwe-id":["cwe-200"]}},"matcher-name":"nginxgeneric","type":"http","host":"testphp.vulnweb.com","port":"80","scheme":"http","url":"http://testphp.vulnweb.com/","path":"/","matched-at":"http://testphp.vulnweb.com/","request":"POST / HTTP/1.1\r\nHost: testphp.vulnweb.com\r\nUser-Agent: Mozilla/5.0 (Macintosh; Intel Mac OS X 10_15_7) AppleWebKit/605.1.15 (KHTML, like Gecko) Version/17.0.1 Mobile/15E148 Safari/604.1\r\nConnection: close\r\nContent-Length: 27\r\nContent-Type: application/x-www-form-urlencoded\r\nAccept-Encoding: gzip\r\n\r\n_=\u003cscript\u003ealert(1)\u003c/script\u003e","response":"HTTP/1.1 200 OK\r\nConnection: close\r\nTransfer-Encoding: chunked\r\nContent-Type: text/html; charset=UTF-8\r\nDate: Tue, 08 Apr 2025 11:15:47 GMT\r\nServer: nginx/1.19.0\r\nX-Powered-By: PHP/5.6.40-38+ubuntu20.04.1+deb.sury.org+1\r\n\r\n\u003c!DOCTYPE HTML PUBLIC \"-//W3C//DTD HTML 4.01 Transitional//EN\"\n\"http://www.w3.org/TR/html4/loose.dtd\"\u003e\n\u003chtml\u003e\u003c!-- InstanceBegin template=\"/Templates/main_dynamic_template.dwt.php\" codeOutsideHTMLIsLocked=\"false\" --\u003e\n\u003chead\u003e\n\u003cmeta http-equiv=\"Content-Type\" content=\"text/html; charset=iso-8859-2\"\u003e\n\n\u003c!-- InstanceBeginEditable name=\"document_title_rgn\" --\u003e\n\u003ctitle\u003eHome of Acunetix Art\u003c/title\u003e\n\u003c!-- InstanceEndEditable --\u003e\n\u003clink rel=\"stylesheet\" href=\"style.css\" type=\"text/css\"\u003e\n\u003c!-- InstanceBeginEditable name=\"headers_rgn\" --\u003e\n\u003c!-- here goes headers headers --\u003e\n\u003c!-- InstanceEndEditable --\u003e\n\u003cscript language=\"JavaScript\" type=\"text/JavaScript\"\u003e\n\u003c!--\nfunction MM_reloadPage(init) {  //reloads the window if Nav4 resized\n  if (init==true) with (navigator) {if ((appName==\"Netscape\")\u0026\u0026(parseInt(appVersion)==4)) {\n    document.MM_pgW=innerWidth; document.MM_pgH=innerHeight; onresize=MM_reloadPage; }}\n  else if (innerWidth!=document.MM_pgW || innerHeight!=document.MM_pgH) location.reload();\n}\nMM_reloadPage(true);\n//--\u003e\n\u003c/script\u003e\n\n\u003c/head\u003e\n\u003cbody\u003e \n\u003cdiv id=\"mainLayer\" style=\"position:absolute; width:700px; z-index:1\"\u003e\n\u003cdiv id=\"masthead\"\u003e \n  \u003ch1 id=\"siteName\"\u003e\u003ca href=\"https://www.acunetix.com/\"\u003e\u003cimg src=\"images/logo.gif\" width=\"306\" height=\"38\" border=\"0\" alt=\"Acunetix website security\"\u003e\u003c/a\u003e\u003c/h1\u003e   \n  \u003ch6 id=\"siteInfo\"\u003eTEST and Demonstration site for \u003ca href=\"https://www.acunetix.com/vulnerability-scanner/\"\u003eAcunetix Web Vulnerability Scanner\u003c/a\u003e\u003c/h6\u003e\n  \u003cdiv id=\"globalNav\"\u003e \n      \t\u003ctable border=\"0\" cellpadding=\"0\" cellspacing=\"0\" width=\"100%\"\u003e\u003ctr\u003e\n\t\u003ctd align=\"left\"\u003e\n\t\t\u003ca href=\"index.php\"\u003ehome\u003c/a\u003e | \u003ca href=\"categories.php\"\u003ecategories\u003c/a\u003e | \u003ca href=\"artists.php\"\u003eartists\n\t\t\u003c/a\u003e | \u003ca href=\"disclaimer.php\"\u003edisclaimer\u003c/a\u003e | \u003ca href=\"cart.php\"\u003eyour cart\u003c/a\u003e | \n\t\t\u003ca href=\"guestbook.php\"\u003eguestbook\u003c/a\u003e | \n\t\t\u003ca href=\"AJAX/index.php\"\u003eAJAX Demo\u003c/a\u003e\n\t\u003c/td\u003e\n\t\u003ctd align=\"right\"\u003e\n\t\t\u003c/td\u003e\n\t\u003c/tr\u003e\u003c/table\u003e\n  \u003c/div\u003e \n\u003c/div\u003e \n\u003c!-- end masthead --\u003e \n\n\u003c!-- begin content --\u003e\n\u003c!-- InstanceBeginEditable name=\"content_rgn\" --\u003e\n\u003cdiv id=\"content\"\u003e\n\t\u003ch2 id=\"pageName\"\u003ewelcome to our page\u003c/h2\u003e\n\t  \u003cdiv class=\"story\"\u003e\n\t\t\u003ch3\u003eTest site for Acunetix WVS.\u003c/h3\u003e\n\t  \u003c/div\u003e\n\u003c/div\u003e\n\u003c!-- InstanceEndEditable --\u003e\n\u003c!--end content --\u003e\n\n\u003cdiv id=\"navBar\"\u003e \n  \u003cdiv id=\"search\"\u003e \n    \u003cform action=\"search.php?test=query\" method=\"post\"\u003e \n      \u003clabel\u003esearch art\u003c/label\u003e \n      \u003cinput name=\"searchFor\" type=\"text\" size=\"10\"\u003e \n      \u003cinput name=\"goButton\" type=\"submit\" value=\"go\"\u003e \n    \u003c/form\u003e \n  \u003c/div\u003e \n  \u003cdiv id=\"sectionLinks\"\u003e \n    \u003cul\u003e \n      \u003cli\u003e\u003ca href=\"categories.php\"\u003eBrowse categories\u003c/a\u003e\u003c/li\u003e \n      \u003cli\u003e\u003ca href=\"artists.php\"\u003eBrowse artists\u003c/a\u003e\u003c/li\u003e \n      \u003cli\u003e\u003ca href=\"cart.php\"\u003eYour cart\u003c/a\u003e\u003c/li\u003e \n      \u003cli\u003e\u003ca href=\"login.php\"\u003eSignup\u003c/a\u003e\u003c/li\u003e\n\t  \u003cli\u003e\u003ca href=\"userinfo.php\"\u003eYour profile\u003c/a\u003e\u003c/li\u003e\n\t  \u003cli\u003e\u003ca href=\"guestbook.php\"\u003eOur guestbook\u003c/a\u003e\u003c/li\u003e\n\t\t\u003cli\u003e\u003ca href=\"AJAX/index.php\"\u003eAJAX Demo\u003c/a\u003e\u003c/li\u003e\n\t  \u003c/li\u003e \n    \u003c/ul\u003e \n  \u003c/div\u003e \n  \u003cdiv class=\"relatedLinks\"\u003e \n    \u003ch3\u003eLinks\u003c/h3\u003e \n    \u003cul\u003e \n      \u003cli\u003e\u003ca href=\"http://www.acunetix.com\"\u003eSecurity art\u003c/a\u003e\u003c/li\u003e \n\t  \u003cli\u003e\u003ca href=\"https://www.acunetix.com/vulnerability-scanner/php-security-scanner/\"\u003ePHP scanner\u003c/a\u003e\u003c/li\u003e\n\t  \u003cli\u003e\u003ca href=\"https://www.acunetix.com/blog/articles/prevent-sql-injection-vulnerabilities-in-php-applications/\"\u003ePHP vuln help\u003c/a\u003e\u003c/li\u003e\n\t  \u003cli\u003e\u003ca href=\"http://www.eclectasy.com/Fractal-Explorer/index.html\"\u003eFractal Explorer\u003c/a\u003e\u003c/li\u003e \n    \u003c/ul\u003e \n  \u003c/div\u003e \n  \u003cdiv id=\"advert\"\u003e \n    \u003cp\u003e\n      \u003cobject classid=\"clsid:D27CDB6E-AE6D-11cf-96B8-444553540000\" codebase=\"http://download.macromedia.com/pub/shockwave/cabs/flash/swflash.cab#version=6,0,29,0\" width=\"107\" height=\"66\"\u003e\n        \u003cparam name=\"movie\" value=\"Flash/add.swf\"\u003e\n        \u003cparam name=quality value=high\u003e\n        \u003cembed src=\"Flash/add.swf\" quality=high pluginspage=\"http://www.macromedia.com/shockwave/download/index.cgi?P1_Prod_Version=ShockwaveFlash\" type=\"application/x-shockwave-flash\" width=\"107\" height=\"66\"\u003e\u003c/embed\u003e\n      \u003c/object\u003e\n    \u003c/p\u003e\n  \u003c/div\u003e \n\u003c/div\u003e \n\n\u003c!--end navbar --\u003e \n\u003cdiv id=\"siteInfo\"\u003e  \u003ca href=\"http://www.acunetix.com\"\u003eAbout Us\u003c/a\u003e | \u003ca href=\"privacy.php\"\u003ePrivacy Policy\u003c/a\u003e | \u003ca href=\"mailto:wvs@acunetix.com\"\u003eContact Us\u003c/a\u003e | \u003ca href=\"/Mod_Rewrite_Shop/\"\u003eShop\u003c/a\u003e | \u003ca href=\"/hpp/\"\u003eHTTP Parameter Pollution\u003c/a\u003e | \u0026copy;2019\n  Acunetix Ltd \n\u003c/div\u003e \n    \n    \n\u003cbr\u003e \n\u003cdiv style=\"background-color:lightgray;width:100%;text-align:center;font-size:12px;padding:1px\"\u003e\n\u003cp style=\"padding-left:5%;padding-right:5%\"\u003e\u003cb\u003eWarning\u003c/b\u003e: This is not a real shop. This is an example PHP application, which is intentionally vulnerable to web attacks. It is intended to help you test Acunetix. It also helps you understand how developer errors and bad configuration may let someone break into your website. You can use it to test other tools and your manual hacking skills as well. Tip: Look for potential SQL Injections, Cross-site Scripting (XSS), and Cross-site Request Forgery (CSRF), and more.\u003c/p\u003e\n\u003c/div\u003e\n\u003c/div\u003e\n\u003c/body\u003e\n\u003c!-- InstanceEnd --\u003e\u003c/html\u003e\n","ip":"44.228.249.3","timestamp":"2025-04-08T11:15:47.595546605Z","curl-command":"curl -X 'POST' -d '_=\u003cscript\u003ealert(1)\u003c/script\u003e' -H 'Content-Type: application/x-www-form-urlencoded' -H 'Host: testphp.vulnweb.com' -H 'User-Agent: Mozilla/5.0 (Macintosh; Intel Mac OS X 10_15_7) AppleWebKit/605.1.15 (KHTML, like Gecko) Version/17.0.1 Mobile/15E148 Safari/604.1' 'http://testphp.vulnweb.com/'","matcher-status":true}
{"template":"http/technologies/nginx/nginx-version.yaml","template-url":"https://cloud.projectdiscovery.io/public/nginx-version","template-id":"nginx-version","template-path":"/home/tool_backend/nuclei-templates/http/technologies/nginx/nginx-version.yaml","info":{"name":"Nginx version detect","author":["philippedelteil","daffainfo"],"tags":["tech","nginx"],"description":"Some nginx servers have the version on the response header. Useful when you need to find specific CVEs on your targets.","severity":"info","metadata":{"max-request":1}},"type":"http","host":"testphp.vulnweb.com","port":"80","scheme":"http","url":"http://testphp.vulnweb.com/","path":"/","matched-at":"http://testphp.vulnweb.com/","extracted-results":["nginx/1.19.0"],"request":"GET / HTTP/1.1\r\nHost: testphp.vulnweb.com\r\nUser-Agent: Mozilla/5.0 (Windows NT 10.0; rv:109.0) Gecko/20100101 Firefox/115.0\r\nConnection: close\r\nAccept: */*\r\nAccept-Language: en\r\nAccept-Encoding: gzip\r\n\r\n","response":"HTTP/1.1 200 OK\r\nConnection: close\r\nTransfer-Encoding: chunked\r\nContent-Type: text/html; charset=UTF-8\r\nDate: Tue, 08 Apr 2025 11:18:25 GMT\r\nServer: nginx/1.19.0\r\nX-Powered-By: PHP/5.6.40-38+ubuntu20.04.1+deb.sury.org+1\r\n\r\n\u003c!DOCTYPE HTML PUBLIC \"-//W3C//DTD HTML 4.01 Transitional//EN\"\n\"http://www.w3.org/TR/html4/loose.dtd\"\u003e\n\u003chtml\u003e\u003c!-- InstanceBegin template=\"/Templates/main_dynamic_template.dwt.php\" codeOutsideHTMLIsLocked=\"false\" --\u003e\n\u003chead\u003e\n\u003cmeta http-equiv=\"Content-Type\" content=\"text/html; charset=iso-8859-2\"\u003e\n\n\u003c!-- InstanceBeginEditable name=\"document_title_rgn\" --\u003e\n\u003ctitle\u003eHome of Acunetix Art\u003c/title\u003e\n\u003c!-- InstanceEndEditable --\u003e\n\u003clink rel=\"stylesheet\" href=\"style.css\" type=\"text/css\"\u003e\n\u003c!-- InstanceBeginEditable name=\"headers_rgn\" --\u003e\n\u003c!-- here goes headers headers --\u003e\n\u003c!-- InstanceEndEditable --\u003e\n\u003cscript language=\"JavaScript\" type=\"text/JavaScript\"\u003e\n\u003c!--\nfunction MM_reloadPage(init) {  //reloads the window if Nav4 resized\n  if (init==true) with (navigator) {if ((appName==\"Netscape\")\u0026\u0026(parseInt(appVersion)==4)) {\n    document.MM_pgW=innerWidth; document.MM_pgH=innerHeight; onresize=MM_reloadPage; }}\n  else if (innerWidth!=document.MM_pgW || innerHeight!=document.MM_pgH) location.reload();\n}\nMM_reloadPage(true);\n//--\u003e\n\u003c/script\u003e\n\n\u003c/head\u003e\n\u003cbody\u003e \n\u003cdiv id=\"mainLayer\" style=\"position:absolute; width:700px; z-index:1\"\u003e\n\u003cdiv id=\"masthead\"\u003e \n  \u003ch1 id=\"siteName\"\u003e\u003ca href=\"https://www.acunetix.com/\"\u003e\u003cimg src=\"images/logo.gif\" width=\"306\" height=\"38\" border=\"0\" alt=\"Acunetix website security\"\u003e\u003c/a\u003e\u003c/h1\u003e   \n  \u003ch6 id=\"siteInfo\"\u003eTEST and Demonstration site for \u003ca href=\"https://www.acunetix.com/vulnerability-scanner/\"\u003eAcunetix Web Vulnerability Scanner\u003c/a\u003e\u003c/h6\u003e\n  \u003cdiv id=\"globalNav\"\u003e \n      \t\u003ctable border=\"0\" cellpadding=\"0\" cellspacing=\"0\" width=\"100%\"\u003e\u003ctr\u003e\n\t\u003ctd align=\"left\"\u003e\n\t\t\u003ca href=\"index.php\"\u003ehome\u003c/a\u003e | \u003ca href=\"categories.php\"\u003ecategories\u003c/a\u003e | \u003ca href=\"artists.php\"\u003eartists\n\t\t\u003c/a\u003e | \u003ca href=\"disclaimer.php\"\u003edisclaimer\u003c/a\u003e | \u003ca href=\"cart.php\"\u003eyour cart\u003c/a\u003e | \n\t\t\u003ca href=\"guestbook.php\"\u003eguestbook\u003c/a\u003e | \n\t\t\u003ca href=\"AJAX/index.php\"\u003eAJAX Demo\u003c/a\u003e\n\t\u003c/td\u003e\n\t\u003ctd align=\"right\"\u003e\n\t\t\u003c/td\u003e\n\t\u003c/tr\u003e\u003c/table\u003e\n  \u003c/div\u003e \n\u003c/div\u003e \n\u003c!-- end masthead --\u003e \n\n\u003c!-- begin content --\u003e\n\u003c!-- InstanceBeginEditable name=\"content_rgn\" --\u003e\n\u003cdiv id=\"content\"\u003e\n\t\u003ch2 id=\"pageName\"\u003ewelcome to our page\u003c/h2\u003e\n\t  \u003cdiv class=\"story\"\u003e\n\t\t\u003ch3\u003eTest site for Acunetix WVS.\u003c/h3\u003e\n\t  \u003c/div\u003e\n\u003c/div\u003e\n\u003c!-- InstanceEndEditable --\u003e\n\u003c!--end content --\u003e\n\n\u003cdiv id=\"navBar\"\u003e \n  \u003cdiv id=\"search\"\u003e \n    \u003cform action=\"search.php?test=query\" method=\"post\"\u003e \n      \u003clabel\u003esearch art\u003c/label\u003e \n      \u003cinput name=\"searchFor\" type=\"text\" size=\"10\"\u003e \n      \u003cinput name=\"goButton\" type=\"submit\" value=\"go\"\u003e \n    \u003c/form\u003e \n  \u003c/div\u003e \n  \u003cdiv id=\"sectionLinks\"\u003e \n    \u003cul\u003e \n      \u003cli\u003e\u003ca href=\"categories.php\"\u003eBrowse categories\u003c/a\u003e\u003c/li\u003e \n      \u003cli\u003e\u003ca href=\"artists.php\"\u003eBrowse artists\u003c/a\u003e\u003c/li\u003e \n      \u003cli\u003e\u003ca href=\"cart.php\"\u003eYour cart\u003c/a\u003e\u003c/li\u003e \n      \u003cli\u003e\u003ca href=\"login.php\"\u003eSignup\u003c/a\u003e\u003c/li\u003e\n\t  \u003cli\u003e\u003ca href=\"userinfo.php\"\u003eYour profile\u003c/a\u003e\u003c/li\u003e\n\t  \u003cli\u003e\u003ca href=\"guestbook.php\"\u003eOur guestbook\u003c/a\u003e\u003c/li\u003e\n\t\t\u003cli\u003e\u003ca href=\"AJAX/index.php\"\u003eAJAX Demo\u003c/a\u003e\u003c/li\u003e\n\t  \u003c/li\u003e \n    \u003c/ul\u003e \n  \u003c/div\u003e \n  \u003cdiv class=\"relatedLinks\"\u003e \n    \u003ch3\u003eLinks\u003c/h3\u003e \n    \u003cul\u003e \n      \u003cli\u003e\u003ca href=\"http://www.acunetix.com\"\u003eSecurity art\u003c/a\u003e\u003c/li\u003e \n\t  \u003cli\u003e\u003ca href=\"https://www.acunetix.com/vulnerability-scanner/php-security-scanner/\"\u003ePHP scanner\u003c/a\u003e\u003c/li\u003e\n\t  \u003cli\u003e\u003ca href=\"https://www.acunetix.com/blog/articles/prevent-sql-injection-vulnerabilities-in-php-applications/\"\u003ePHP vuln help\u003c/a\u003e\u003c/li\u003e\n\t  \u003cli\u003e\u003ca href=\"http://www.eclectasy.com/Fractal-Explorer/index.html\"\u003eFractal Explorer\u003c/a\u003e\u003c/li\u003e \n    \u003c/ul\u003e \n  \u003c/div\u003e \n  \u003cdiv id=\"advert\"\u003e \n    \u003cp\u003e\n      \u003cobject classid=\"clsid:D27CDB6E-AE6D-11cf-96B8-444553540000\" codebase=\"http://download.macromedia.com/pub/shockwave/cabs/flash/swflash.cab#version=6,0,29,0\" width=\"107\" height=\"66\"\u003e\n        \u003cparam name=\"movie\" value=\"Flash/add.swf\"\u003e\n        \u003cparam name=quality value=high\u003e\n        \u003cembed src=\"Flash/add.swf\" quality=high pluginspage=\"http://www.macromedia.com/shockwave/download/index.cgi?P1_Prod_Version=ShockwaveFlash\" type=\"application/x-shockwave-flash\" width=\"107\" height=\"66\"\u003e\u003c/embed\u003e\n      \u003c/object\u003e\n    \u003c/p\u003e\n  \u003c/div\u003e \n\u003c/div\u003e \n\n\u003c!--end navbar --\u003e \n\u003cdiv id=\"siteInfo\"\u003e  \u003ca href=\"http://www.acunetix.com\"\u003eAbout Us\u003c/a\u003e | \u003ca href=\"privacy.php\"\u003ePrivacy Policy\u003c/a\u003e | \u003ca href=\"mailto:wvs@acunetix.com\"\u003eContact Us\u003c/a\u003e | \u003ca href=\"/Mod_Rewrite_Shop/\"\u003eShop\u003c/a\u003e | \u003ca href=\"/hpp/\"\u003eHTTP Parameter Pollution\u003c/a\u003e | \u0026copy;2019\n  Acunetix Ltd \n\u003c/div\u003e \n    \n    \n\u003cbr\u003e \n\u003cdiv style=\"background-color:lightgray;width:100%;text-align:center;font-size:12px;padding:1px\"\u003e\n\u003cp style=\"padding-left:5%;padding-right:5%\"\u003e\u003cb\u003eWarning\u003c/b\u003e: This is not a real shop. This is an example PHP application, which is intentionally vulnerable to web attacks. It is intended to help you test Acunetix. It also helps you understand how developer errors and bad configuration may let someone break into your website. You can use it to test other tools and your manual hacking skills as well. Tip: Look for potential SQL Injections, Cross-site Scripting (XSS), and Cross-site Request Forgery (CSRF), and more.\u003c/p\u003e\n\u003c/div\u003e\n\u003c/div\u003e\n\u003c/body\u003e\n\u003c!-- InstanceEnd --\u003e\u003c/html\u003e\n","ip":"44.228.249.3","timestamp":"2025-04-08T11:18:25.942829149Z","curl-command":"curl -X 'GET' -H 'Accept: */*' -H 'Accept-Language: en' -H 'User-Agent: Mozilla/5.0 (Windows NT 10.0; rv:109.0) Gecko/20100101 Firefox/115.0' 'http://testphp.vulnweb.com/'","matcher-status":true}
{"template":"http/technologies/php-detect.yaml","template-url":"https://cloud.projectdiscovery.io/public/php-detect","template-id":"php-detect","template-path":"/home/tool_backend/nuclei-templates/http/technologies/php-detect.yaml","info":{"name":"PHP Detect","author":["y0no"],"tags":["tech","php"],"severity":"info","metadata":{"vendor":"php","product":"php","shodan-query":"X-Powered-By: PHP","verified":true,"max-request":1},"classification":{"cve-id":null,"cwe-id":null,"cpe":"cpe:2.3:a:php:php:*:*:*:*:*:*:*:*"}},"type":"http","host":"testphp.vulnweb.com","port":"80","scheme":"http","url":"http://testphp.vulnweb.com/","path":"/","matched-at":"http://testphp.vulnweb.com/","extracted-results":["5.6.40"],"request":"GET / HTTP/1.1\r\nHost: testphp.vulnweb.com\r\nUser-Agent: Mozilla/5.0 (Knoppix; Linux i686) AppleWebKit/537.36 (KHTML, like Gecko) Chrome/124.0.0.0 Safari/537.36\r\nConnection: close\r\nAccept: */*\r\nAccept-Language: en\r\nAccept-Encoding: gzip\r\n\r\n","response":"HTTP/1.1 200 OK\r\nConnection: close\r\nTransfer-Encoding: chunked\r\nContent-Type: text/html; charset=UTF-8\r\nDate: Tue, 08 Apr 2025 11:18:26 GMT\r\nServer: nginx/1.19.0\r\nX-Powered-By: PHP/5.6.40-38+ubuntu20.04.1+deb.sury.org+1\r\n\r\n\u003c!DOCTYPE HTML PUBLIC \"-//W3C//DTD HTML 4.01 Transitional//EN\"\n\"http://www.w3.org/TR/html4/loose.dtd\"\u003e\n\u003chtml\u003e\u003c!-- InstanceBegin template=\"/Templates/main_dynamic_template.dwt.php\" codeOutsideHTMLIsLocked=\"false\" --\u003e\n\u003chead\u003e\n\u003cmeta http-equiv=\"Content-Type\" content=\"text/html; charset=iso-8859-2\"\u003e\n\n\u003c!-- InstanceBeginEditable name=\"document_title_rgn\" --\u003e\n\u003ctitle\u003eHome of Acunetix Art\u003c/title\u003e\n\u003c!-- InstanceEndEditable --\u003e\n\u003clink rel=\"stylesheet\" href=\"style.css\" type=\"text/css\"\u003e\n\u003c!-- InstanceBeginEditable name=\"headers_rgn\" --\u003e\n\u003c!-- here goes headers headers --\u003e\n\u003c!-- InstanceEndEditable --\u003e\n\u003cscript language=\"JavaScript\" type=\"text/JavaScript\"\u003e\n\u003c!--\nfunction MM_reloadPage(init) {  //reloads the window if Nav4 resized\n  if (init==true) with (navigator) {if ((appName==\"Netscape\")\u0026\u0026(parseInt(appVersion)==4)) {\n    document.MM_pgW=innerWidth; document.MM_pgH=innerHeight; onresize=MM_reloadPage; }}\n  else if (innerWidth!=document.MM_pgW || innerHeight!=document.MM_pgH) location.reload();\n}\nMM_reloadPage(true);\n//--\u003e\n\u003c/script\u003e\n\n\u003c/head\u003e\n\u003cbody\u003e \n\u003cdiv id=\"mainLayer\" style=\"position:absolute; width:700px; z-index:1\"\u003e\n\u003cdiv id=\"masthead\"\u003e \n  \u003ch1 id=\"siteName\"\u003e\u003ca href=\"https://www.acunetix.com/\"\u003e\u003cimg src=\"images/logo.gif\" width=\"306\" height=\"38\" border=\"0\" alt=\"Acunetix website security\"\u003e\u003c/a\u003e\u003c/h1\u003e   \n  \u003ch6 id=\"siteInfo\"\u003eTEST and Demonstration site for \u003ca href=\"https://www.acunetix.com/vulnerability-scanner/\"\u003eAcunetix Web Vulnerability Scanner\u003c/a\u003e\u003c/h6\u003e\n  \u003cdiv id=\"globalNav\"\u003e \n      \t\u003ctable border=\"0\" cellpadding=\"0\" cellspacing=\"0\" width=\"100%\"\u003e\u003ctr\u003e\n\t\u003ctd align=\"left\"\u003e\n\t\t\u003ca href=\"index.php\"\u003ehome\u003c/a\u003e | \u003ca href=\"categories.php\"\u003ecategories\u003c/a\u003e | \u003ca href=\"artists.php\"\u003eartists\n\t\t\u003c/a\u003e | \u003ca href=\"disclaimer.php\"\u003edisclaimer\u003c/a\u003e | \u003ca href=\"cart.php\"\u003eyour cart\u003c/a\u003e | \n\t\t\u003ca href=\"guestbook.php\"\u003eguestbook\u003c/a\u003e | \n\t\t\u003ca href=\"AJAX/index.php\"\u003eAJAX Demo\u003c/a\u003e\n\t\u003c/td\u003e\n\t\u003ctd align=\"right\"\u003e\n\t\t\u003c/td\u003e\n\t\u003c/tr\u003e\u003c/table\u003e\n  \u003c/div\u003e \n\u003c/div\u003e \n\u003c!-- end masthead --\u003e \n\n\u003c!-- begin content --\u003e\n\u003c!-- InstanceBeginEditable name=\"content_rgn\" --\u003e\n\u003cdiv id=\"content\"\u003e\n\t\u003ch2 id=\"pageName\"\u003ewelcome to our page\u003c/h2\u003e\n\t  \u003cdiv class=\"story\"\u003e\n\t\t\u003ch3\u003eTest site for Acunetix WVS.\u003c/h3\u003e\n\t  \u003c/div\u003e\n\u003c/div\u003e\n\u003c!-- InstanceEndEditable --\u003e\n\u003c!--end content --\u003e\n\n\u003cdiv id=\"navBar\"\u003e \n  \u003cdiv id=\"search\"\u003e \n    \u003cform action=\"search.php?test=query\" method=\"post\"\u003e \n      \u003clabel\u003esearch art\u003c/label\u003e \n      \u003cinput name=\"searchFor\" type=\"text\" size=\"10\"\u003e \n      \u003cinput name=\"goButton\" type=\"submit\" value=\"go\"\u003e \n    \u003c/form\u003e \n  \u003c/div\u003e \n  \u003cdiv id=\"sectionLinks\"\u003e \n    \u003cul\u003e \n      \u003cli\u003e\u003ca href=\"categories.php\"\u003eBrowse categories\u003c/a\u003e\u003c/li\u003e \n      \u003cli\u003e\u003ca href=\"artists.php\"\u003eBrowse artists\u003c/a\u003e\u003c/li\u003e \n      \u003cli\u003e\u003ca href=\"cart.php\"\u003eYour cart\u003c/a\u003e\u003c/li\u003e \n      \u003cli\u003e\u003ca href=\"login.php\"\u003eSignup\u003c/a\u003e\u003c/li\u003e\n\t  \u003cli\u003e\u003ca href=\"userinfo.php\"\u003eYour profile\u003c/a\u003e\u003c/li\u003e\n\t  \u003cli\u003e\u003ca href=\"guestbook.php\"\u003eOur guestbook\u003c/a\u003e\u003c/li\u003e\n\t\t\u003cli\u003e\u003ca href=\"AJAX/index.php\"\u003eAJAX Demo\u003c/a\u003e\u003c/li\u003e\n\t  \u003c/li\u003e \n    \u003c/ul\u003e \n  \u003c/div\u003e \n  \u003cdiv class=\"relatedLinks\"\u003e \n    \u003ch3\u003eLinks\u003c/h3\u003e \n    \u003cul\u003e \n      \u003cli\u003e\u003ca href=\"http://www.acunetix.com\"\u003eSecurity art\u003c/a\u003e\u003c/li\u003e \n\t  \u003cli\u003e\u003ca href=\"https://www.acunetix.com/vulnerability-scanner/php-security-scanner/\"\u003ePHP scanner\u003c/a\u003e\u003c/li\u003e\n\t  \u003cli\u003e\u003ca href=\"https://www.acunetix.com/blog/articles/prevent-sql-injection-vulnerabilities-in-php-applications/\"\u003ePHP vuln help\u003c/a\u003e\u003c/li\u003e\n\t  \u003cli\u003e\u003ca href=\"http://www.eclectasy.com/Fractal-Explorer/index.html\"\u003eFractal Explorer\u003c/a\u003e\u003c/li\u003e \n    \u003c/ul\u003e \n  \u003c/div\u003e \n  \u003cdiv id=\"advert\"\u003e \n    \u003cp\u003e\n      \u003cobject classid=\"clsid:D27CDB6E-AE6D-11cf-96B8-444553540000\" codebase=\"http://download.macromedia.com/pub/shockwave/cabs/flash/swflash.cab#version=6,0,29,0\" width=\"107\" height=\"66\"\u003e\n        \u003cparam name=\"movie\" value=\"Flash/add.swf\"\u003e\n        \u003cparam name=quality value=high\u003e\n        \u003cembed src=\"Flash/add.swf\" quality=high pluginspage=\"http://www.macromedia.com/shockwave/download/index.cgi?P1_Prod_Version=ShockwaveFlash\" type=\"application/x-shockwave-flash\" width=\"107\" height=\"66\"\u003e\u003c/embed\u003e\n      \u003c/object\u003e\n    \u003c/p\u003e\n  \u003c/div\u003e \n\u003c/div\u003e \n\n\u003c!--end navbar --\u003e \n\u003cdiv id=\"siteInfo\"\u003e  \u003ca href=\"http://www.acunetix.com\"\u003eAbout Us\u003c/a\u003e | \u003ca href=\"privacy.php\"\u003ePrivacy Policy\u003c/a\u003e | \u003ca href=\"mailto:wvs@acunetix.com\"\u003eContact Us\u003c/a\u003e | \u003ca href=\"/Mod_Rewrite_Shop/\"\u003eShop\u003c/a\u003e | \u003ca href=\"/hpp/\"\u003eHTTP Parameter Pollution\u003c/a\u003e | \u0026copy;2019\n  Acunetix Ltd \n\u003c/div\u003e \n    \n    \n\u003cbr\u003e \n\u003cdiv style=\"background-color:lightgray;width:100%;text-align:center;font-size:12px;padding:1px\"\u003e\n\u003cp style=\"padding-left:5%;padding-right:5%\"\u003e\u003cb\u003eWarning\u003c/b\u003e: This is not a real shop. This is an example PHP application, which is intentionally vulnerable to web attacks. It is intended to help you test Acunetix. It also helps you understand how developer errors and bad configuration may let someone break into your website. You can use it to test other tools and your manual hacking skills as well. Tip: Look for potential SQL Injections, Cross-site Scripting (XSS), and Cross-site Request Forgery (CSRF), and more.\u003c/p\u003e\n\u003c/div\u003e\n\u003c/div\u003e\n\u003c/body\u003e\n\u003c!-- InstanceEnd --\u003e\u003c/html\u003e\n","ip":"44.228.249.3","timestamp":"2025-04-08T11:18:26.392291461Z","curl-command":"curl -X 'GET' -H 'Accept: */*' -H 'Accept-Language: en' -H 'User-Agent: Mozilla/5.0 (Knoppix; Linux i686) AppleWebKit/537.36 (KHTML, like Gecko) Chrome/124.0.0.0 Safari/537.36' 'http://testphp.vulnweb.com/'","matcher-status":true}
