["http://testphp.vulnweb.com/",200,[["ActiveX",[{"module":["D27CDB6E-AE6D-11cf-96B8-444553540000"],"regexp_compiled":"(?i-mx:<object [^>]*classid=[\"']?clsid:([\\s]*[a-f\\d\\-]+)['\"]?)","certainty":100}]],["Adobe-Flash",[{"regexp":["<embed src=\"Flash/add.swf"],"regexp_compiled":"(?i-mx:<embed[^>]+src[\\s]*=[\\s]*[\"']?[^\\s^'^\"^>]+)","certainty":100}]],["Country",[{"string":"UNITED STATES","module":"US","certainty":100}]],["Email",[{"string":["wvs@acunetix.com"],"regexp_compiled":"(?i-mx:[A-Z0-9._%+-]+@[A-Z0-9.-]+\\.[A-Z]{2,4})","certainty":100},{"string":["wvs@acunetix.com"],"regexp_compiled":"(?i-mx:<[^>]+href=[^>]*mailto:([^\\'\\\"\\?>]+)[^>]*>)","certainty":100}]],["HTTPServer",[{"name":"server string","string":"nginx/1.19.0","certainty":100}]],["IP",[{"string":"44.228.249.3","certainty":100}]],["nginx",[{"search":"headers[server]","version":["1.19.0"],"regexp_compiled":"(?-mix:^nginx\\/([^\\s]+).*$)","certainty":100}]],["Object",[{"regexp":["<object"],"regexp_compiled":"(?i-mx:<object)","certainty":100},{"module":["clsid:D27CDB6E-AE6D-11cf-96B8-444553540000"],"offset":0,"name":"classid","regexp_compiled":"(?i-mx:<object [^>]*classid\\s*=\\s*['\"]([^\"']+)['\"])","certainty":100},{"string":["http://download.macromedia.com/pub/shockwave/cabs/flash/swflash.cab#version=6,0,29,0"],"offset":1,"regexp_compiled":"(?i-mx:<object [^>]*(codebase|codetype|type)\\s*=\\s*['\"]([^\"']+)['\"])","certainty":100}]],["PHP",[{"version":["5.6.40-38+ubuntu20.04.1+deb.sury.org+1"],"search":"headers[x-powered-by]","regexp_compiled":"(?-mix:[^\\r^\\n]*PHP\\/([^\\s^\\r^\\n]+))","certainty":100}]],["Script",[{"regexp":[" "],"regexp_compiled":"(?i-mx:<script(\\s|>))","certainty":100},{"string":["text/JavaScript"],"offset":1,"regexp_compiled":"(?-mix:<script[^>]+(language|type)\\s*=\\s*['\"]?([^'\"\\s]+)['\"]?)","certainty":100}]],["Title",[{"name":"page title","string":"Home of Acunetix Art","certainty":100}]],["X-Powered-By",[{"name":"x-powered-by string","string":"PHP/5.6.40-38+ubuntu20.04.1+deb.sury.org+1","certainty":100}]]]]
["http://testphp.vulnweb.com/",200,[["ActiveX",[{"module":["D27CDB6E-AE6D-11cf-96B8-444553540000"],"regexp_compiled":"(?i-mx:<object [^>]*classid=[\"']?clsid:([\\s]*[a-f\\d\\-]+)['\"]?)","certainty":100}]],["Adobe-Flash",[{"regexp":["<embed src=\"Flash/add.swf"],"regexp_compiled":"(?i-mx:<embed[^>]+src[\\s]*=[\\s]*[\"']?[^\\s^'^\"^>]+)","certainty":100}]],["Country",[{"string":"UNITED STATES","module":"US","certainty":100}]],["Email",[{"string":["wvs@acunetix.com"],"regexp_compiled":"(?i-mx:[A-Z0-9._%+-]+@[A-Z0-9.-]+\\.[A-Z]{2,4})","certainty":100},{"string":["wvs@acunetix.com"],"regexp_compiled":"(?i-mx:<[^>]+href=[^>]*mailto:([^\\'\\\"\\?>]+)[^>]*>)","certainty":100}]],["HTTPServer",[{"name":"server string","string":"nginx/1.19.0","certainty":100}]],["IP",[{"string":"44.228.249.3","certainty":100}]],["nginx",[{"search":"headers[server]","version":["1.19.0"],"regexp_compiled":"(?-mix:^nginx\\/([^\\s]+).*$)","certainty":100}]],["Object",[{"regexp":["<object"],"regexp_compiled":"(?i-mx:<object)","certainty":100},{"module":["clsid:D27CDB6E-AE6D-11cf-96B8-444553540000"],"offset":0,"name":"classid","regexp_compiled":"(?i-mx:<object [^>]*classid\\s*=\\s*['\"]([^\"']+)['\"])","certainty":100},{"string":["http://download.macromedia.com/pub/shockwave/cabs/flash/swflash.cab#version=6,0,29,0"],"offset":1,"regexp_compiled":"(?i-mx:<object [^>]*(codebase|codetype|type)\\s*=\\s*['\"]([^\"']+)['\"])","certainty":100}]],["PHP",[{"version":["5.6.40-38+ubuntu20.04.1+deb.sury.org+1"],"search":"headers[x-powered-by]","regexp_compiled":"(?-mix:[^\\r^\\n]*PHP\\/([^\\s^\\r^\\n]+))","certainty":100}]],["Script",[{"regexp":[" "],"regexp_compiled":"(?i-mx:<script(\\s|>))","certainty":100},{"string":["text/JavaScript"],"offset":1,"regexp_compiled":"(?-mix:<script[^>]+(language|type)\\s*=\\s*['\"]?([^'\"\\s]+)['\"]?)","certainty":100}]],["Title",[{"name":"page title","string":"Home of Acunetix Art","certainty":100}]],["X-Powered-By",[{"name":"x-powered-by string","string":"PHP/5.6.40-38+ubuntu20.04.1+deb.sury.org+1","certainty":100}]]]]
